Code_profession;Profession
31;Professions libérales
12;Agriculteurs sur moyenne exploitation
43;Professions intermédiaires de la santé et du travail social
38;Ingénieurs et cadres techniques d'entreprise
74;Anciens cadres
71;Anciens agriculteurs exploitants
63;Ouvriers qualifiés de type artisanal
33;Cadres de la fonction publique
75;Anciennes professions intermédiaires
11;Agriculteurs sur petite exploitation
47;Techniciens
52;Employés civils et agents de service de la fonction publique
65;Ouvriers qualifiés de la manutention, du magasinage et du transport
55;Employés de commerce
62;Ouvriers qualifiés de type industriel
13;Agriculteurs sur grande exploitation
56;Personnels des services directs aux particuliers
21;Artisans
42;Professeurs des écoles, instituteurs et assimilés
54;Employés administratifs d'entreprise
77;Anciens employés
37;Cadres administratifs et commerciaux d'entreprise
34;Professeurs, professions scientifiques
35;Professions de l'information, des arts et des spectacles
85;Personnes diverses sans activité professionnelle de moins de 60 ans (sauf retraités)
84;Elèves, étudiants
72;Anciens artisans, commerçants, chefs d'entreprise
48;Contremaîtres, agents de maîtrise
69;Ouvriers agricoles
53;Policiers et militaires
78;Anciens ouvriers
45;Professions intermédiaires administratives de la fonction publique
22;Commerçants et assimilés
64;Chauffeurs
46;Professions intermédiaires administratives et commerciales des entreprises
23;Chefs d'entreprise de 10 salariés ou plus
67;Ouvriers non qualifiés de type industriel
86;Personnes diverses sans activité professionnelle de 60 ans et plus (sauf retraités)
147;Fonctionnaires de catégorie A (obsolète)
83;Militaires du contingent
68;Ouvriers non qualifiés de type artisanal
119;Autres cadres (secteur privé) (obsolète)
122;Assistantes sociales (obsolète)
149;Fonctionnaires de catégorie C (obsolète)
161;Retraités salariés privés (obsolète)
81;Chômeurs n'ayant jamais travaillé
44;Clergé, religieux
120;Employés (secteur privé) (obsolète)
156;Autres professions (obsolète)
164;Retraités des entreprises publiques (obsolète)
157;Sans profession déclarée (obsolète)
142;Professeurs du secondaire et techn. (obsolète)
123;Salariés du secteur médical (obsolète)
114;Agents technique et techniciens (obsolète)
163;Retraités fonct.publique (sf enseig.) (obsolète)
151;Cadres (entreprises publiques) (obsolète)
158;Retraités agricoles (obsolète)
102;Salariés agricoles (obsolète)
125;Chirurgiens (obsolète)
101;Agriculteurs propriétaires exploit. (obsolète)
165;Autres retraités (obsolète)
139;Autres professions libérales (obsolète)
162;Retraités de l'enseignement (obsolète)
107;Agents d'affaires (obsolète)
129;Avocats (obsolète)
124;Médecins (obsolète)
154;Permanents politiques (obsolète)
110;Artisans (obsolète)
135;Ingénieurs conseils (obsolète)
109;Commercants (obsolète)
115;Contremaitres (obsolète)
116;Représentants de commerce (obsolète)
148;Fonctionnaires de catégorie B (obsolète)
118;Cadres supérieurs (secteur privé) (obsolète)
105;Industriels-Chefs entreprise (obsolète)
144;Professions rattachées à enseignt. (obsolète)
113;Ingénieurs (obsolète)
108;Agents immobiliers (obsolète)
152;Employés (autres entrep. publiques) (obsolète)
143;Enseignants 1er deg.-directeurs école (obsolète)
128;Pharmaciens (obsolète)
106;Administrateurs de sociétés (obsolète)
121;Ouvriers (secteur privé) (obsolète)
140;Etudiants (obsolète)
137;Journalistes et autres médias (obsolète)
111;Entrepreneurs en batiments (obsolète)
159;Retr.artis.commerc.chefs d'entrep. (obsolète)
132;Conseillers juridiques (obsolète)
136;Architectes (obsolète)
133;Agents généraux d'assurances (obsolète)
104;Marins (salariés) (obsolète)
103;Marins (patrons) (obsolète)
153;Agents subalternes (entr.publiques) (obsolète)
112;Propriétaires (obsolète)
141;Professeurs de faculté (obsolète)
117;Agents d'assurances (obsolète)